code_bss,code_bss_nouveau,longitude,latitude,derniere_classe,dernier_ips,derniere_date_calcul
00067X0183/PZ1,BSS000AJQA,1.991691,50.781205,1,-1.2951,2026-06-10
00104X0054/P1,BSS000ANQX,1.749102,50.690366,3,-0.7071,2026-06-10
00115X0011/P1,BSS000AQWU,1.872798,50.586105,4,0.0583,2026-06-10
00148D0177/F2,BSS000BNUD,3.234083,50.618749,4,0.0552,2026-06-10
00241X0012/P1,BSS000CJSH,1.820299,50.387127,5,0.6381,2026-06-10
00254X0037/PZ1,BSS000CLBA,2.498364,50.35691,4,-0.1599,2026-06-10
00271X0002/P2,BSS000CPAH,2.8892,50.348131,3,-0.4782,2026-06-10
00291X0031/P1,BSS000CZHY,3.641252,50.370975,3,-0.6865,2026-06-10
00332X0007/S1,BSS000DELW,1.946939,50.185332,4,0.1661,2026-06-10
00367X0026/P1,BSS000DKRE,3.086181,50.111181,3,-0.4053,2026-06-10
00387X0184/PZCC1,BSS000DQWD,3.794038,50.109495,3,-0.5091,2026-06-10
00444X0008/S1,BSS000DVEZ,1.757927,50.019654,4,0.0599,2026-06-10
00471X0095/PZ2013,BSS000EBLL,2.578405,50.023705,4,-0.2302,2026-06-10
00497X0018/S1,BSS000EFUM,3.451996,49.937993,2,-0.961,2026-06-10
00516X0059/S1,BSS000EJEJ,4.099993,49.90651,4,-0.2005,2026-06-10
00578X0043/S1,BSS000ELQF,0.63722,49.747314,0,,2026-06-10
00633X0132/FR.PAC,BSS000ESPA,2.710036,49.83572,5,0.6071,2026-06-10
00675X0019/S1,BSS000EZQH,4.045933,49.742207,3,-0.3333,2026-06-10
00692X0062/P,BSS000FBDR,4.82876,49.821555,4,0.2386,2026-06-10
00732X0032/P,BSS000FEMD,-1.286369,49.635886,3,-0.816,2026-06-10
00775X0099/F14,BSS000FLDL,1.163091,49.562565,4,-0.1184,2026-06-10
00777X0008/S1,BSS000FLMB,1.324192,49.51878,3,-0.3104,2026-06-10
00805X0002/S1,BSS000FPVM,2.211415,49.550575,4,-0.1894,2026-06-10
00836X0007/P,BSS000FWEX,3.331708,49.572929,3,-0.8362,2026-06-10
00845X0036/S1,BSS000FXJH,3.600729,49.572275,4,-0.1892,2026-06-10
00853X0030/PZ2013,BSS000FYFY,4.157302,49.607394,3,-0.7314,2026-06-10
00937X0030/F4,BSS000GCLD,-1.604425,49.328102,3,-0.5115,2026-06-10
00941X0034/S-2,BSS000GCSA,-1.370901,49.429006,1,-1.4675,2026-06-10
00945X0064/F,BSS000GCZV,-1.399907,49.354458,4,0.1704,2026-06-10
00955X0066/PZ,BSS000GDJL,-1.076711,49.333927,5,0.4193,2026-06-10
00956X0055/S1,BSS000GDMV,-0.928069,49.348811,3,-0.3491,2026-06-10
00987X0009/S1,BSS000GLBB,0.580959,49.380234,5,0.4244,2026-06-10
01013X0004/S1,BSS000GUEJ,1.630681,49.436858,0,,2026-06-10
01024X0058/S1,BSS000GWHZ,2.096644,49.448929,4,0.1963,2026-06-10
01046X0010/S1,BSS000HAUV,2.614679,49.382915,4,0.0434,2026-06-10
01074X0006/S1,BSS000HJFB,3.919036,49.488032,3,-0.763,2026-06-10
01086X0011/LS4,BSS000HKXF,4.099641,49.340029,2,-1.1963,2026-06-10
01102X0025/S1,BSS000HMCX,4.855386,49.477008,3,-0.615,2026-06-10
01116X0138/F1,BSS000HNYS,5.159151,49.365965,3,-0.7292,2026-06-10
01168X0065/P,BSS000HURB,-1.497572,49.214932,5,0.7101,2026-06-10
01176X0061/F,BSS000HVKV,-1.282094,49.223789,4,0.0215,2026-06-10
01192X0043/S1,BSS000HXEC,-0.60239,49.251929,3,-0.6836,2026-06-10
01195X0200/F2,BSS000HYRU,-0.713922,49.160372,2,-1.0939,2026-06-10
01198X0002/S1,BSS000HZRN,-0.379746,49.213827,4,0.1112,2026-06-10
01205X0541/P7,BSS000JBYK,-0.347883,49.146593,5,0.3314,2026-06-10
01245X0010/S1,BSS000JNAH,1.089271,49.224047,4,0.0007,2026-06-10
01252X0011/S1,BSS000JPZR,1.536149,49.299956,4,-0.0029,2026-06-10
01258X0020/S1,BSS000JRAR,1.711584,49.197517,4,0.1395,2026-06-10
01264X0029/S1,BSS000JRWX,2.077211,49.238223,4,0.0769,2026-06-10
01266X1013/S1,BSS000JSGS,1.901276,49.145695,4,0.1944,2026-06-10
01287X0017/S1,BSS000JYPY,2.745535,49.210904,4,-0.2424,2026-06-10
01293X0071/S1,BSS000JZSV,3.098207,49.24922,3,-0.358,2026-06-10
01308X0082/S1,BSS000KCKN,3.513219,49.202918,4,0.2189,2026-06-10
01377X0205/F3,BSS000KPVQ,6.012911,49.144146,2,-0.948,2026-06-10
01381X0070/P25,BSS000KQJF,6.178205,49.303646,3,-0.707,2026-06-10
01423X0044/F4,BSS000KUVA,-1.605123,49.085591,5,0.2762,2026-06-10
01446X0005/S3-91,BSS000KWZD,-0.907758,48.977692,2,-1.2206,2026-06-10
01473X0087/S1,BSS000LAEA,0.239223,49.057654,3,-0.6925,2026-06-10
01487X0001/S1,BSS000LBFR,0.585971,48.963157,3,-0.7969,2026-06-10
01516X0004/S1,BSS000LETA,1.614978,48.981566,3,-0.4814,2026-06-10
01522X0069/PZ2008,BSS000LGAW,1.897576,49.083846,5,0.4005,2026-06-10
01543X0028/S1,BSS000LMDY,2.737747,49.06309,4,0.2241,2026-06-10
01548X0010/S1,BSS000LNRG,2.860399,48.988404,3,-0.4808,2026-06-10
01584X0023/LV3,BSS000LVDM,4.29305,49.066811,3,-0.3804,2026-06-10
01616X0006/S1,BSS000LZTE,5.177088,49.001245,1,-1.9309,2026-06-10
01794X0035/S1,BSS000MRWS,1.026344,48.920073,5,0.273,2026-06-10
01805X0036/S1,BSS000MSYC,1.165839,48.839839,4,0.1601,2026-06-10
01825X0091/P1,BSS000MVWD,1.843597,48.785566,4,-0.2077,2026-06-10
01868X0030/S1,BSS000PRHH,3.523765,48.857026,3,-0.6594,2026-06-10
01871X0031/S1,BSS000PRTA,3.64727,48.894433,4,0.2329,2026-06-10
01891X0047/PZ1,BSS000PUGJ,4.355795,48.943717,4,0.2408,2026-06-10
01907X0068/PZ2013,BSS000PWCX,4.905318,48.791831,4,-0.1241,2026-06-10
01937X0054/F,BSS000PYWZ,6.011904,48.827491,3,-0.5913,2026-06-10
01995X0012/342B,BSS000QQVM,7.98372,48.810586,5,0.3529,2026-06-10
02144X0005/S1,BSS000REWL,0.658048,48.766363,3,-0.2851,2026-06-10
02163X0015/P,BSS000RGJU,1.300702,48.722703,4,0.1369,2026-06-10
02206X0022/S1,BSS000RQYV,2.679871,48.609951,4,0.0191,2026-06-10
02255X0003/S1,BSS000RXCC,4.380375,48.678865,3,-0.6396,2026-06-10
02267X0030/S1,BSS000RYUY,4.876212,48.654429,2,-1.1379,2026-06-10
02276X0050/P1,BSS000SAVJ,5.191462,48.650982,2,-0.9308,2026-06-10
02327X0032/F,BSS000SMJT,7.079601,48.6524,3,-0.6615,2026-06-10
02347X0022/314,BSS000STCC,7.754158,48.649846,4,0.069,2026-06-10
02408X0016/F,BSS000TASQ,-3.687563,48.494253,5,0.295,2026-06-10
02473X0037/P,BSS000TQJW,-1.269605,48.583074,3,-0.7586,2026-06-10
02478X0156/PZ,BSS000TRGE,-1.162749,48.47164,5,0.2849,2026-06-10
02523X0002/S2,BSS000TTJF,0.591804,48.523466,3,-0.639,2026-06-10
02542X0035/P,BSS000TUFX,1.240857,48.580115,4,-0.0335,2026-06-10
02558X0034/P,BSS000TVZW,1.754621,48.422734,5,0.7878,2026-06-10
02566X0019/S1,BSS000TWYJ,1.897412,48.455212,6,0.8506,2026-06-10
02603X0009/S1,BSS000UESL,3.437722,48.584797,4,0.0635,2026-06-10
02606X0112/G5,BSS000UFTP,3.340358,48.45684,4,-0.1973,2026-06-10
02617X0009/S1,BSS000UJHK,3.832708,48.444574,3,-0.4435,2026-06-10
02636X0009/S1,BSS000ULRE,4.488895,48.442731,4,-0.1666,2026-06-10
02648X0020/S1,BSS000UMRX,4.97314,48.471183,2,-1.211,2026-06-10
02663X0001/S,BSS000UNWL,5.65011,48.546922,2,-1.0301,2026-06-10
02697X0005/F,BSS000USQR,6.730495,48.480526,3,-0.7687,2026-06-10
02706X0074/S77-20,BSS000UTLD,6.930277,48.439546,3,-0.4406,2026-06-10
02718X0005/G1,BSS000UWGL,7.531604,48.503199,4,0.011,2026-06-10
02726X0029/238,BSS000VDGE,7.664405,48.489776,2,-0.9349,2026-06-10
02796X0044/PZ,BSS000VNUM,-2.750078,48.265219,3,-0.7099,2026-06-10
02812X0238/PZ,BSS000VRCM,-2.008746,48.343718,6,0.8485,2026-06-10
02903X0029/P,BSS000VYRP,1.273972,48.361863,5,0.742,2026-06-10
02927X1013/P,BSS000WBFZ,2.018695,48.282515,5,0.5902,2026-06-10
02936X2005/PFAEP,BSS000WCKW,2.405273,48.29635,5,0.5587,2026-06-10
02943X0013/S1,BSS000WDEW,2.720405,48.369975,5,0.2768,2026-06-10
02961X1003/S1,BSS000WHSY,3.27201,48.366145,3,-0.6126,2026-06-10
02982X0028/F,BSS000WKVT,4.123897,48.370374,3,-0.5953,2026-06-10
03027X0007/F1,BSS000WQWP,5.630829,48.315978,2,-1.232,2026-06-10
03057X0018/F,BSS000WTGL,6.671222,48.242036,1,-1.7221,2026-06-10
03081X0025/223,BSS000WZBG,7.61543,48.341231,3,-0.6862,2026-06-10
03107X0008/F,BSS000XCWZ,-4.07482,48.086942,4,-0.2333,2026-06-10
03124X0088/F,BSS000XFPD,-3.307177,48.231206,1,-1.3051,2026-06-10
03128X0011/F,BSS000XGDQ,-3.276193,48.089266,4,-0.1567,2026-06-10
03172X0088/PZ,BSS000XMZQ,-1.685069,48.165556,5,0.5875,2026-06-10
03182X0027/PZ,BSS000XTEY,-1.316624,48.19608,3,-0.4493,2026-06-10
03228X0048/F,BSS000XXVC,0.300606,48.072632,6,1.0609,2026-06-10
03237X0021/PZ16,BSS000XYMH,0.598673,48.077359,3,-0.5485,2026-06-10
03263X0004/FAEP,BSS000YATY,1.702411,48.21656,6,1.0262,2026-06-10
03287X0018/S1,BSS000YFQT,2.353294,48.092312,7,2.3815,2026-06-10
03302X1012/S1,BSS000YJVS,3.000071,48.202694,4,-0.0452,2026-06-10
03314X1035/P,BSS000YLUT,3.585179,48.161766,4,0.2476,2026-06-10
03427X0027/92,BSS000YZAZ,7.421355,48.113071,3,-0.5551,2026-06-10
03546X0017/F,BSS000ZQXN,-1.297289,47.927215,4,-0.0059,2026-06-10
03554X0029/PZ5,BSS000ZRTK,-0.746919,48.030851,4,0.166,2026-06-10
03577X0012/PZ13,BSS000ZTJY,-0.133256,47.947529,4,-0.1186,2026-06-10
03593X0055/PZ,BSS000ZWBK,0.543303,47.971501,2,-1.1255,2026-06-10
03612X0098/P,BSS000ZXHZ,1.22141,48.045097,4,-0.0093,2026-06-10
03622X0027/PZ,BSS000ZYXU,1.576022,47.988224,4,0.2385,2026-06-10
03626X0026/P,BSS000ZZWU,1.573554,47.899533,4,-0.0149,2026-06-10
03634X0093/F,BSS001ABRB,2.078287,47.971527,5,0.2709,2026-06-10
03662X0222/P,BSS001ANXK,3.001727,47.985215,5,0.6204,2026-06-10
03693X0017/P2,BSS001ARUW,4.197586,48.044732,3,-0.4781,2026-06-10
03717X0020/PZ,BSS001ASPJ,4.884046,47.928591,3,-0.7508,2026-06-10
03754X0015/F2,BSS001AUYB,6.446684,47.98811,3,-0.6208,2026-06-10
03783X0046/71,BSS001AYXN,7.457526,48.005071,5,0.2859,2026-06-10
03795X0093/PZ-N2,BSS001BBUS,7.565842,47.916549,5,0.3752,2026-06-10
03871X0016/F,BSS001BJPJ,-2.132246,47.855734,3,-0.314,2026-06-10
03904X0064/PZ,BSS001BNZN,-0.767621,47.850494,3,-0.6993,2026-06-10
03927X0055/PZ,BSS001BQYC,-0.116747,47.736429,7,1.4442,2026-06-10
03936X0056/PZ,BSS001BRRB,0.136413,47.739598,4,-0.0284,2026-06-10
03953X0028/P,BSS001BSPF,0.916046,47.845085,5,0.3464,2026-06-10
03958X0002/PF,BSS001BTQS,0.989335,47.706082,5,0.3897,2026-06-10
04051X0016/SONDAG,BSS001CQBM,4.373216,47.83967,3,-0.4953,2026-06-10
04103X0022/FC,BSS001CSUG,6.318105,47.794003,3,-0.6636,2026-06-10
04202X0013/S9,BSS001DKCW,-1.686191,47.688256,5,0.5895,2026-06-10
04217X0003/F,BSS001DLRR,-1.206231,47.574699,3,-0.2739,2026-06-10
04225X0014/F,BSS001DMWF,-1.069745,47.581683,5,0.345,2026-06-10
04285X0016/P,BSS001DTSW,1.115959,47.566163,5,0.3883,2026-06-10
04291X0058/FAEP,BSS001DUPM,1.480467,47.631778,4,0.2026,2026-06-10
04333X0011/P,BSS001DZKX,3.117588,47.645618,3,-0.4601,2026-06-10
04447X0028/S,BSS001EMRN,7.055133,47.542387,3,-0.7291,2026-06-10
04457X0046/S,BSS001EPSU,7.408986,47.530193,4,-0.0461,2026-06-10
04502X0043/SGB7,BSS001ESVX,-2.056528,47.490718,4,0.0251,2026-06-10
04502X0044/SGB8,BSS001ESVY,-2.030042,47.4919,4,0.1808,2026-06-10
04513X0085/PZ5,BSS001EUHC,-1.588022,47.500781,5,0.283,2026-06-10
04563X0105/F,BSS001FEWY,0.236427,47.470888,5,0.6417,2026-06-10
04597X0065/PZ,BSS001FNZT,1.257846,47.385766,4,0.1877,2026-06-10
04604X0001/FAEP,BSS001FPTP,1.772698,47.446955,4,0.1,2026-06-10
04623X0053/F,BSS001FSFP,2.404875,47.461029,4,-0.2474,2026-06-10
04644X0002/PUITS,BSS001FTYA,3.20472,47.482811,4,0.0431,2026-06-10
04702X0019/SONDAG,BSS001FWRW,5.202483,47.444424,4,-0.2194,2026-06-10
04761X0021/F1,BSS001GFCJ,7.218151,47.509654,5,0.5048,2026-06-10
04934X0043/P,BSS001HVEQ,2.794882,47.26111,3,-0.6666,2026-06-10
04936X0010/F,BSS001HVJV,2.644945,47.195369,4,-0.05,2026-06-10
04973X0005/PZ1,BSS001HXAE,4.205274,47.301381,3,-0.6486,2026-06-10
04994X0229/S,BSS001HYJU,5.017394,47.291258,5,0.5358,2026-06-10
05007X0014/S,BSS001JCCK,5.281942,47.215951,5,0.641,2026-06-10
05076X0019/F,BSS001JPGZ,-1.990272,46.992167,5,0.2578,2026-06-10
05078X0040/PZN1,BSS001JPMN,-1.815018,47.004902,0,,2026-06-10
05078X0041/PZN3,BSS001JPMP,-1.815867,46.983521,3,-0.7622,2026-06-10
05078X0042/PZN5,BSS001JPMQ,-1.845879,46.985178,3,-0.5204,2026-06-10
05082X0181/PZ,BSS001JQAJ,-1.62407,47.078131,4,0.1066,2026-06-10
05086X0134/PZ,BSS001JRKS,-1.651158,47.061044,5,0.3797,2026-06-10
05088X0134/B,BSS001JSBK,-1.507943,47.047211,4,0.0248,2026-06-10
05092X0009/P,BSS001JSNX,-1.282236,47.141391,5,0.5655,2026-06-10
05155X0002/FAEP,BSS001KEFF,0.71077,47.04752,1,-1.6069,2026-06-10
05162X0008/P,BSS001KEUK,1.233554,47.157659,5,0.3998,2026-06-10
05203X0083/P,BSS001KJWM,2.759903,47.072503,3,-0.7684,2026-06-10
05208X0011/P,BSS001KKSW,2.797295,47.014882,1,-1.9633,2026-06-10
05245X0047/PZ1,BSS001KMWN,4.038652,46.993833,3,-0.311,2026-06-10
05271X0017/SONDAG,BSS001KPJW,5.09991,47.154926,3,-0.3999,2026-06-10
05285X0374/P7,BSS001KTSM,5.42698,47.026742,3,-0.5683,2026-06-10
05348X0255/P3,BSS001LADS,-1.867121,46.825384,5,0.3583,2026-06-10
05464X0045/P,BSS001LRQW,2.454106,46.998516,4,-0.0834,2026-06-10
05471X0070/P1,BSS001LSKK,2.589382,46.961469,2,-0.886,2026-06-10
05472X0029/P,BSS001LSPL,2.651488,46.942073,3,-0.6405,2026-06-10
05553X0009/S2,BSS001LZQG,5.605881,46.901263,4,-0.0246,2026-06-10
05573X0084/F.6,BSS001MCYE,6.321361,46.918008,4,-0.1071,2026-06-10
05604X0162/SF1,BSS001MELY,-1.884899,46.76802,3,-0.3322,2026-06-10
05625X0036/F,BSS001MHUZ,-1.37941,46.699919,4,0.2156,2026-06-10
05664X0048/P,BSS001MPJX,0.319351,46.79498,5,0.3417,2026-06-10
05664X0064/S6,BSS001MPKN,0.273269,46.721846,4,0.1442,2026-06-10
05665X0003/S,BSS001MPMU,0.064167,46.662075,5,0.4568,2026-06-10
05678X0060/S,BSS001MSNM,0.642895,46.671142,4,-0.035,2026-06-10
05712X0016/P,BSS001MVCQ,1.938256,46.794581,4,-0.1602,2026-06-10
05765X0013/SONDAG,BSS001MXXP,3.670996,46.686181,2,-0.8795,2026-06-10
05772X0037/P,BSS001MYHK,4.091368,46.736417,2,-0.9552,2026-06-10
05797X0145/FPZ,BSS001NCKM,4.910882,46.661543,2,-0.906,2026-06-10
05857X0145/PZ,BSS001NKUB,-1.18205,46.464363,3,-0.3458,2026-06-10
05865X0126/S,BSS001NMSL,-1.077735,46.480157,5,0.2624,2026-06-10
05943X0006/FAEP1,BSS001NVXH,1.982389,46.60332,7,1.5211,2026-06-10
06003X0088/P,BSS001NZYA,4.163101,46.575855,5,0.6437,2026-06-10
06101X0202/SP1,BSS001PGFU,-0.687081,46.408744,4,-0.167,2026-06-10
06126X0078/S,BSS001PPLR,0.155017,46.305489,4,0.2028,2026-06-10
06165X0008/F19,BSS001PTAH,1.495025,46.322692,2,-1.0097,2026-06-10
06165X0014/F22,BSS001PTAP,1.492061,46.292753,3,-0.5519,2026-06-10
06198X0023/PUITS,BSS001PVBQ,2.82981,46.284315,3,-0.6074,2026-06-10
06226X0001/PT,BSS001PWPV,3.716878,46.290487,3,-0.7765,2026-06-10
06241X0016/P,BSS001PXZK,4.401216,46.401557,4,0.0546,2026-06-10
06256X0188/PZ,BSS001PZGD,4.855658,46.29258,4,0.0343,2026-06-10
06288X0096/SB,BSS001QCDZ,6.06971,46.329031,5,0.4201,2026-06-10
06352X0032/S,BSS001QHYH,-0.623332,46.242061,1,-1.538,2026-06-10
06357X0012/F,BSS001QJSX,-0.480471,46.151717,4,-0.1752,2026-06-10
06367X0172/F,BSS001QPTB,-0.06956,46.10961,2,-1.1203,2026-06-10
06373X0113/P,BSS001QSMT,0.246758,46.172379,5,0.8177,2026-06-10
06376X0020/P,BSS001QTKG,0.138791,46.135032,3,-0.3557,2026-06-10
06401X0010/P1,BSS001QWED,1.166928,46.215345,5,0.5558,2026-06-10
06417X0014/P1,BSS001QXCF,1.646346,46.156904,3,-0.657,2026-06-10
06432X0059/P1,BSS001QYJX,2.307333,46.253649,2,-1.0983,2026-06-10
06432X0061/P1,BSS001QYJZ,2.278985,46.20142,1,-1.4286,2026-06-10
06455X0041/PUITS,BSS001RACF,2.933946,46.14622,3,-0.4508,2026-06-10
06505X0080/FORC,BSS001REHG,4.762955,46.138303,3,-0.6355,2026-06-10
06512X0037/STREMY,BSS001REWW,5.187133,46.190954,6,1.0143,2026-06-10
06518X0026/P2,BSS001RFRV,5.313353,46.136402,4,-0.0123,2026-06-10
06608X0027/AC-3,BSS001RQQE,-0.041624,45.958108,2,-0.9207,2026-06-10
06613X0039/S,BSS001RRGC,0.183557,46.03725,4,0.0765,2026-06-10
06616X0068/PIEZO,BSS001RRSZ,0.136473,45.944889,4,0.0021,2026-06-10
06638X0049/P2,BSS001RTRN,0.989897,45.965165,3,-0.7151,2026-06-10
06642X0044/F2,BSS001RTVX,1.175315,46.035082,1,-1.7225,2026-06-10
06667X0006/P1,BSS001RVZP,2.028863,45.904671,1,-1.3734,2026-06-10
06712X0025/PUITS,BSS001RZXV,3.752751,46.021878,4,0.0441,2026-06-10
06741X0046/F1PLIO,BSS001SBJZ,4.738138,46.044456,3,-0.6424,2026-06-10
06742X0001/VILLEN,BSS001SBPB,4.830754,46.018341,3,-0.7013,2026-06-10
06754X0077/F1,BSS001SCTM,5.356637,46.028102,4,-0.1516,2026-06-10
06775X0010/BOURSI,BSS001SEGB,5.823274,45.91963,4,-0.0933,2026-06-10
06822X0013/S,BSS001SHNE,-0.972404,45.880617,4,0.1799,2026-06-10
06823X0100/PIEZO,BSS001SHVH,-0.879104,45.847919,6,1.0389,2026-06-10
06842X0015/S,BSS001SLHN,-0.202368,45.81467,4,-0.24,2026-06-10
06844X0070/F,BSS001SLRM,-0.073064,45.830795,2,-1.2298,2026-06-10
06851X0071/S,BSS001SMDG,0.005193,45.898151,1,-1.4328,2026-06-10
06865X0009/F,BSS001SNNL,0.386242,45.740613,5,0.5426,2026-06-10
06865X0020/S,BSS001SNNX,0.365915,45.742605,4,0.2073,2026-06-10
06877X0028/P1,BSS001SPVT,0.940064,45.756636,2,-0.9576,2026-06-10
06882X0214/P2,BSS001SQLB,1.220471,45.895587,2,-1.1702,2026-06-10
06894X0018/P1,BSS001SRWR,1.753595,45.893207,2,-1.195,2026-06-10
06931X0052/N27,BSS001STQY,2.961598,45.861103,1,-1.4422,2026-06-10
06932X0174/P5,BSS001STZR,2.979421,45.887544,5,0.2974,2026-06-10
06932X0180/LATIA,BSS001STZX,2.981072,45.874579,4,-0.152,2026-06-10
06935X0057/C1,BSS001SVJJ,2.916326,45.805293,2,-0.9511,2026-06-10
06993X0087/F6,BSS001TRJH,5.285156,45.837397,4,0.0494,2026-06-10
06993X0226/MEXI_2,BSS001TRPH,5.220795,45.895734,3,-0.7899,2026-06-10
06995C0208/S1,BSS001TRUF,5.04674,45.732473,5,0.4282,2026-06-10
06995C0271/S,BSS001TRUX,5.036999,45.748776,5,0.4753,2026-06-10
07091X0042/P,BSS001UBNJ,0.049811,45.685403,3,-0.582,2026-06-10
07092X0077/F,BSS001UBUC,0.15042,45.715361,4,-0.0569,2026-06-10
07097X0057/3,BSS001UCZG,0.197225,45.568742,3,-0.6651,2026-06-10
07097X0067/F,BSS001UCZQ,0.260004,45.543377,3,-0.6587,2026-06-10
07104X0502/F,BSS001UDPG,0.731129,45.672371,3,-0.3241,2026-06-10
07111X0033/P1,BSS001UDWU,0.763254,45.708747,2,-0.9487,2026-06-10
07126X0062/P1,BSS001UFEN,1.210581,45.61658,3,-0.5575,2026-06-10
07131X0019/P1,BSS001UFNH,1.483648,45.694768,3,-0.7404,2026-06-10
07134X0025/P1,BSS001UFUR,1.794457,45.689541,1,-1.4288,2026-06-10
07143X0017/P1,BSS001UGGH,2.043334,45.63783,1,-1.4796,2026-06-10
07143X0018/P2,BSS001UGGJ,2.043373,45.637803,1,-1.4349,2026-06-10
07155X0016/P1,BSS001UGWD,2.211361,45.600404,3,-0.273,2026-06-10
07164X0043/ROC,BSS001UHTJ,2.837208,45.669182,1,-1.7685,2026-06-10
07174X0179/P2,BSS001UKCJ,3.21505,45.709426,3,-0.5684,2026-06-10
07184X0001/P,BSS001ULGF,3.530538,45.677271,2,-0.9356,2026-06-10
07208X0197/F1C,BSS001UNYH,4.306255,45.605448,2,-1.1651,2026-06-10
07221D0023/S,BSS001UPJY,4.759366,45.650593,5,0.587,2026-06-10
07223C0113/S,BSS001URLS,4.900353,45.647384,5,0.6826,2026-06-10
07224X0102/S,BSS001USNJ,4.998612,45.712516,5,0.4636,2026-06-10
07224X0106/S,BSS001USNN,4.990697,45.679217,5,0.4519,2026-06-10
07231C0252/BUCLAY,BSS001UUFE,5.041296,45.640019,3,-0.3441,2026-06-10
07266X0052/PS4,BSS001UYED,6.245432,45.566445,4,-0.208,2026-06-10
07298X0037/P,BSS001UZGE,-1.060436,45.356055,3,-0.3339,2026-06-10
07304X0007/S,BSS001UZQN,-0.750879,45.525397,5,0.687,2026-06-10
07312X0034/S,BSS001VAJT,-0.599015,45.50801,6,1.0056,2026-06-10
07332X0530/F2,BSS001VCUQ,0.090672,45.522328,4,-0.056,2026-06-10
07365X0203/F,BSS001VERS,1.135636,45.398306,2,-1.2663,2026-06-10
07372X0048/F10,BSS001VEZN,1.538653,45.529764,3,-0.6943,2026-06-10
07384X0043/P1,BSS001VFXS,2.14025,45.470745,3,-0.4082,2026-06-10
07387X0042/F9,BSS001VGEY,2.027216,45.431421,2,-1.1016,2026-06-10
07415X0025/ESPINC,BSS001VHXB,2.87931,45.396628,1,-1.5626,2026-06-10
07464X0005/SM3,BSS001VSQE,5.025241,45.495029,4,-0.1489,2026-06-10
07476X0029/S,BSS001VTUD,5.190176,45.365055,4,-0.0089,2026-06-10
07494X0026/CRUET,BSS001VVJY,6.104557,45.522193,3,-0.2728,2026-06-10
07545X0029/F,BSS001VYWT,-1.058765,45.224776,4,-0.037,2026-06-10
07578X0007/P,BSS001WCVW,0.362442,45.263186,3,-0.7195,2026-06-10
07584X0002/F,BSS001WDCC,0.67613,45.312393,4,-0.0621,2026-06-10
07598X0005/A81,BSS001WDTX,1.07042,45.24972,3,-0.7339,2026-06-10
07615X0043/P1,BSS001WERZ,1.459741,45.255621,3,-0.8217,2026-06-10
07616X0141/P1,BSS001WEZM,1.533373,45.250492,2,-0.991,2026-06-10
07621X0040/P1,BSS001WFPD,1.865343,45.271475,2,-1.1571,2026-06-10
07635X0035/F,BSS001WGLG,2.246274,45.241376,3,-0.4056,2026-06-10
07638X0017/MAIRIE,BSS001WGNP,2.467418,45.238404,4,-0.0461,2026-06-10
07657X0018/P1,BSS001WHRD,3.098888,45.242098,3,-0.3356,2026-06-10
07703X0043/SDC,BSS001WMCG,4.911316,45.338844,4,-0.0307,2026-06-10
07704X0007/F,BSS001WMJN,5.011316,45.313753,6,1.026,2026-06-10
07704X0079/S,BSS001WMMN,5.009694,45.305838,4,-0.2421,2026-06-10
07707X0144/F,BSS001WNCL,4.941301,45.180253,3,-0.8394,2026-06-10
07786X0051/F1,BSS001WVPW,-0.9621,45.040436,4,0.1792,2026-06-10
07808X1069/P,BSS001XAHQ,0.010297,45.029531,3,-0.7871,2026-06-10
07827X0006/F,BSS001XBTB,0.597254,45.045187,1,-1.4248,2026-06-10
07844X0076/P1,BSS001XCSP,1.373867,45.141819,6,1.1264,2026-06-10
07852X0072/P1,BSS001XDKJ,1.579129,45.172485,3,-0.7893,2026-06-10
07853X0027/P1,BSS001XDNH,1.701614,45.093614,2,-1.0221,2026-06-10
07857X0381/P1,BSS001XEDX,1.665009,45.019989,3,-0.4615,2026-06-10
07944X0409/F,BSS001XLVS,5.034455,45.145489,2,-0.9187,2026-06-10
07948X0038/S,BSS001XMKQ,5.004183,45.054537,4,-0.0019,2026-06-10
07953X0104/P,BSS001XNAA,5.228987,45.123958,3,-0.6576,2026-06-10
07955X0099/P1,BSS001XNNG,5.122584,45.026549,7,1.96,2026-06-10
08035X0032/P,BSS001XZUD,-0.658533,44.908807,4,0.0645,2026-06-10
08041X0106/P,BSS001YMSL,-0.283444,44.884169,3,-0.754,2026-06-10
08048X0088/P,BSS001YPBP,-0.044562,44.834351,5,0.5352,2026-06-10
08101X0227/P1,BSS001YTPK,1.844678,44.949941,3,-0.3983,2026-06-10
08144X0010/PUITS,BSS001YWNL,3.547528,44.963175,3,-0.3316,2026-06-10
08153X0052/P1,BSS001YXCJ,3.818329,44.921822,0,,2026-06-10
08184X0084/PZ1,BSS001YZBF,4.955586,44.950207,4,0.1434,2026-06-10
08188X0045/BERN,BSS001ZAGC,4.972821,44.852203,4,-0.2192,2026-06-10
08262X0023/F,BSS001ZDUB,-1.035246,44.70375,4,-0.2316,2026-06-10
08266X0136/F,BSS001ZFHU,-0.937866,44.657344,4,0.0069,2026-06-10
08273X0354/F,BSS001ZLTD,-0.499861,44.785368,5,0.5999,2026-06-10
08277X0163/F2,BSS001ZNHL,-0.510168,44.719103,5,0.3076,2026-06-10
08353X0052/F,BSS001ZSRA,2.400826,44.811215,3,-0.7148,2026-06-10
08435X0010/NO8,BSS001ZXRQ,5.095695,44.656252,3,-0.7373,2026-06-10
08466X0009/F2,BSS001ZYYK,6.260819,44.680949,4,0.1476,2026-06-10
08472X0007/F-1,BSS001ZZDP,6.582662,44.738691,4,0.0856,2026-06-10
08517X0020/F,BSS002AECW,-0.465974,44.497472,4,-0.1527,2026-06-10
08522X0009/F1,BSS002AESZ,-0.257281,44.58399,0,,2026-06-10
08524X0046/F,BSS002AFGV,-0.067144,44.572591,4,0.1849,2026-06-10
08561X0203/F,BSS002AJME,1.081192,44.588493,5,0.4752,2026-06-10
08614X0010/SCE2,BSS002ANVB,3.178074,44.550988,2,-0.8758,2026-06-10
08622X0027/GAL,BSS002APGX,3.397771,44.639273,3,-0.3815,2026-06-10
08626X0014/BERNAD,BSS002APTD,3.342959,44.466454,3,-0.5652,2026-06-10
08635X0015/LZG211,BSS002AQGG,3.734998,44.486356,3,-0.4382,2026-06-10
08742X0063/P.T9L,BSS002AXYY,-0.935413,44.379167,6,0.9871,2026-06-10
08744X0005/PZE,BSS002AYZP,-0.770198,44.456997,6,1.0751,2026-06-10
08774X0013/F2,BSS002BDYM,0.308393,44.389683,2,-0.9286,2026-06-10
08791X0031/P3,BSS002BGAF,0.763167,44.404661,5,0.2702,2026-06-10
08866X0004/RESURG,BSS002BKZE,3.384942,44.335519,4,-0.1684,2026-06-10
08866X0047/BURLE,BSS002BLAW,3.411357,44.366482,5,0.4396,2026-06-10
08915X1007/F,BSS002BPYC,5.116849,44.349571,0,,2026-06-10
09021X0120/PZ,BSS002CAVA,0.399753,44.241925,4,-0.1471,2026-06-10
09022X0005/F,BSS002CAXJ,0.533461,44.222773,7,1.9376,2026-06-10
09028X0071/P,BSS002CBXN,0.712247,44.153791,6,0.9048,2026-06-10
09145X0058/N256,BSS002CMRX,4.761105,44.139032,6,0.9729,2026-06-10
09153X0024/S,BSS002CPGU,5.296641,44.230677,5,0.6213,2026-06-10
09172X0094/P,BSS002CQHE,5.935168,44.215976,3,-0.4205,2026-06-10
09246X0098/F17,BSS002CTVK,-0.906656,43.983919,5,0.5414,2026-06-10
09258X0005/F,BSS002CVTV,-0.395905,43.979928,5,0.6059,2026-06-10
09265X0002/F,BSS002CXAV,-0.32508,43.969367,6,1.1551,2026-06-10
09301X0028/F,BSS002CZWH,1.165697,44.093084,6,1.1423,2026-06-10
09306X0091/F,BSS002DDAH,1.177903,43.992569,5,0.6783,2026-06-10
09307X0146/F,BSS002DDZV,1.284457,43.963987,6,1.0163,2026-06-10
09311X0093/F,BSS002DETB,1.446861,44.062767,5,0.7187,2026-06-10
09312X0063/F,BSS002DEZW,1.539604,44.095767,4,0.1053,2026-06-10
09328X0126/F,BSS002DGHK,2.080343,43.923176,4,0.0715,2026-06-10
09364X0017/111111,BSS002DJSB,3.641809,44.081134,3,-0.4478,2026-06-10
09375X0010/ISIS,BSS002DKPD,3.600253,43.971285,5,0.5329,2026-06-10
09388X0052/VIGNOT,BSS002DMAH,4.261367,43.935881,5,0.6367,2026-06-10
09395X0065/NICOLA,BSS002DMVK,4.383278,43.939587,4,-0.0932,2026-06-10
09405X0229/S3,BSS002DPMQ,4.709604,43.988817,5,0.5649,2026-06-10
09436X0138/1P,BSS002DWBT,5.89455,43.94496,1,-1.3662,2026-06-10
09441X0013/P1,BSS002DWJB,6.119957,44.036233,3,-0.7133,2026-06-10
09512X0088/PZ4,BSS002ECRR,-0.555158,43.91034,5,0.652,2026-06-10
09514X0033/F2,BSS002EDHD,-0.367917,43.85001,4,0.0549,2026-06-10
09516X0030/P21,BSS002EDYK,-0.621545,43.767225,3,-0.3618,2026-06-10
09518X0021/F1,BSS002EELR,-0.429482,43.776,0,,2026-06-10
09521X0024/F,BSS002EEQT,-0.32061,43.877512,5,0.6025,2026-06-10
09567X0219/F,BSS002EJYJ,1.30933,43.780882,5,0.6682,2026-06-10
09574X0030/F,BSS002ELEN,1.765657,43.85733,7,1.3093,2026-06-10
09652X0199/COURB2,BSS002ETHZ,4.409028,43.852504,6,1.2363,2026-06-10
09724X0023/P2,BSS002FEUA,7.188888,43.831616,3,-0.6712,2026-06-10
09792X0203/P,BSS002FMNC,-0.249445,43.702925,4,-0.1048,2026-06-10
09793X0011/F,BSS002FMPK,-0.112823,43.668136,3,-0.34,2026-06-10
09857X0102/F,BSS002GFZU,2.042593,43.64441,5,0.2747,2026-06-10
09882X0208/FONCAU,BSS002GJTH,3.006579,43.67204,5,0.2825,2026-06-10
09888X0111/LACAN,BSS002GKQS,3.189178,43.565456,6,0.9361,2026-06-10
09892X0698/RVERNU,BSS002GMDC,3.395634,43.707184,0,,2026-06-10
09894X0077/DRAC,BSS002GMPT,3.506259,43.695205,4,0.0742,2026-06-10
09907X0321/MLS3,BSS002GPWB,3.854831,43.5719,7,1.3224,2026-06-10
09915X0181/AUNES,BSS002GUEA,3.978218,43.63275,7,2.0854,2026-06-10
09917X0192/P5CEHM,BSS002GUVJ,4.170178,43.631248,6,1.2553,2026-06-10
09934X0087/P18B,BSS002GWYV,4.961161,43.648887,5,0.8415,2026-06-10
09952X0082/F9B,BSS002HAPP,5.503518,43.659704,4,0.2156,2026-06-10
09952X0093/PIEZ,BSS002HAQA,5.527611,43.674297,4,-0.1197,2026-06-10
09995X0028/F,BSS002HFFC,6.926141,43.587762,3,-0.2814,2026-06-10
10031X0017/F,BSS002HNBU,-1.015579,43.537452,3,-0.8022,2026-06-10
10065X0042/F,BSS002HRCC,0.078094,43.455437,3,-0.4836,2026-06-10
10092X0166/F,BSS002HSFG,1.242801,43.481449,0,,2026-06-10
10097X0224/F,BSS002HVHU,1.294043,43.396446,5,0.8248,2026-06-10
10144X0014/SAUVE,BSS002HZVH,3.244751,43.501504,5,0.5403,2026-06-10
10148X0031/POMPA,BSS002JAFP,3.16349,43.380793,3,-0.4205,2026-06-10
10157X0104/1777,BSS002JBSG,3.434586,43.402473,5,0.68,2026-06-10
10162X0226/V,BSS002JDBC,3.694868,43.53423,5,0.7717,2026-06-10
10193X0151/P29B,BSS002JFLA,4.897662,43.550764,6,0.8789,2026-06-10
10241X0173/F,BSS002JVLT,6.535216,43.493821,5,0.3898,2026-06-10
10315X0112/F,BSS002KDCV,0.076201,43.206813,3,-0.4403,2026-06-10
10345X0199/F,BSS002KGEL,1.134324,43.280949,4,-0.0225,2026-06-10
10351X0024/F,BSS002KHFS,1.474725,43.35035,5,0.5398,2026-06-10
10357X0021/F,BSS002KJBN,1.627945,43.225457,5,0.6366,2026-06-10
10383X0025/111111,BSS002KKZC,2.746483,43.354074,3,-0.7202,2026-06-10
10396X0162/F5,BSS002KMLK,2.983722,43.231236,5,0.5862,2026-06-10
10401X0128/CLAIRA,BSS002KNAY,3.324424,43.362891,4,-0.0183,2026-06-10
10402X0133/SRAE13,BSS002KNSC,3.388929,43.312258,5,0.5959,2026-06-10
10403X0235/2031B,BSS002KPHD,3.449926,43.342864,4,-0.0339,2026-06-10
10405X0124/F17,BSS002KQBB,3.316169,43.287888,6,0.8949,2026-06-10
10405X0171/VALRAS,BSS002KQCS,3.274586,43.236841,6,1.1495,2026-06-10
10406X0125/F2016,BSS002KQNY,3.336772,43.278011,4,0.2377,2026-06-10
10453X0295/P4795,BSS002LBMU,5.993197,43.326502,5,0.4742,2026-06-10
10548X0101/F,BSS002LLAE,0.630156,43.109683,4,-0.1613,2026-06-10
10577X0159/F,BSS002LPFG,1.6489,43.081694,4,0.0725,2026-06-10
10592X0012/AEP,BSS002LPYG,2.306508,43.155219,3,-0.3601,2026-06-10
10651X0293/P134B,BSS002LWHM,6.159711,43.128739,5,0.5951,2026-06-10
10795X0028/CARSTE,BSS002MHRT,2.934647,42.851118,3,-0.5191,2026-06-10
10903X0034/PZSTGL,BSS002MNPT,2.717592,42.779546,5,0.4409,2026-06-10
10911X0219/HIPPO2,BSS002MQGM,2.952205,42.779151,6,0.9815,2026-06-10
10912X0112/BAR3,BSS002MQMX,3.03793,42.78852,5,0.7206,2026-06-10
10915X0255/F2N3,BSS002MQZV,2.937744,42.720491,5,0.7976,2026-06-10
10964X0119/NYLS-1,BSS002MTJG,2.84405,42.629016,2,-0.8684,2026-06-10
10972X0003/ALENYA,BSS002MUQM,2.981673,42.639794,5,0.8025,2026-06-10
11056X0120/FIGA,BSS002MXUB,8.788864,42.549214,3,-0.7738,2026-06-10
11076X0086/CANONI,BSS002MZLS,9.499187,42.538359,0,,2026-06-10
11156X0009/BRAVON,BSS002NCNK,9.473112,42.263982,5,0.503,2026-06-10
11172X0119/COSCIA,BSS002NCSD,8.75067,42.09143,2,-1.2784,2026-06-10
11221X0135/PIEZO1,BSS002NEYB,9.39396,41.862744,5,0.7041,2026-06-10
BSS003WNYS/X,BSS003WNYS,3.234145,48.43803,4,-0.0228,2026-06-10
BSS003YHFM/X,BSS003YHFM,6.685776,43.435711,3,-0.2726,2026-06-10
BSS003ZKDU/X,BSS003ZKDU,-1.531738,47.413243,5,0.5861,2026-06-10
BSS004AXXS/X,BSS004AXXS,7.421338,47.715236,3,-0.2775,2026-06-10
O333402101,O333402101,3.285374,43.996873,0,,2026-06-10
O341000201,O341000201,3.142215,43.977776,0,,2026-06-10
O350000201,O350000201,2.956475,43.754131,0,,2026-06-10
O356571401,O356571401,3.190321,43.87644,0,,2026-06-10
O500000201,O500000201,3.071609,44.30228,0,,2026-06-10
O501000201,O501000201,3.022272,44.361342,0,,2026-06-10
O568501101,O568501101,1.740117,44.187904,3,-0.7452,2026-06-10
O582000101,O582000101,1.59568,44.254695,1,-1.3924,2026-06-10
O802000101,O802000101,2.57439,44.493337,3,-0.5929,2026-06-10
O816000301,O816000301,2.070041,44.468316,3,-0.6129,2026-06-10
O819000101,O819000101,1.852154,44.460781,2,-0.9059,2026-06-10
P222000101,P222000101,1.841046,44.745751,3,-0.8243,2026-06-10
P231502301,P231502301,1.477664,44.92745,0,,2026-06-10
P245431101,P245431101,1.266309,44.650917,2,-1.0812,2026-06-10
V403402301,V403402301,5.112497,44.885288,0,,2026-06-10
V6155020,V6155020,5.132688,43.917916,4,0.0787,2026-06-10
X045631001,X045631001,6.423163,44.437225,6,1.0168,2026-06-10
Y500202001,Y500202001,5.908039,43.50308,3,-0.2844,2026-06-10
Y510504001,Y510504001,5.924059,43.345502,3,-0.6512,2026-06-10
